Workbook

Sheet Read me
A1: Photo Finish question bank
A2: Every individual final at the Olympic Games and outdoor World Athletics Championships, 2016 to 2025 (8 championships, 38 events each, 304 finals).
A3: Relays, race walks and combined events are left out. Source: the final results table on each event's Wikipedia page, collected October 2026.
A5: Tabs
A6: Finals: one row per question. The game's answer is the winning mark; the clue is the row named in 'Clue athlete'.
A7: Results: every finisher with a valid mark. Marathons and 10,000 m races with more than 20 finishers list places 1-10 plus the last finisher.
A8: World records: the record going into each championship, plus the records set in these finals.
A9: Review: items a person should check before a question goes live (injured last-place runners, short fields, ties, unclear marks).
A11: What to edit
A12: Yellow cells in the Finals tab ('Verified' and 'Editor note') are for you. Mark Verified = Y once you have checked the final against World Athletics results.
A13: Example: 2024-OG-M100 | Verified: Y | Editor note: Lyles 9.784 vs Thompson 9.789, both shown as 9.79.
A14: Everything else is generated by build.py from the raw files; change the raw files and rebuild rather than editing those cells.

Sheet Finals
A1: ID | B1: Championship | C1: City | D1: Year | E1: Gender | F1: Event | G1: Group | H1: Winner | I1: Country | J1: Winning mark | K1: Clue athlete | L1: Clue place | M1: Clue mark | N1: Finishers listed | O1: Field size | P1: WR going in | Q1: WR holder | R1: WR year | S1: World record set | T1: Review flags | U1: Verified | V1: Editor note
A2: 2016-OG-M400 | B2: Olympic Games | C2: Rio de Janeiro | D2: 2016 | E2: Men | F2: 400 m | G2: sprint | H2: Wayde van Niekerk | I2: RSA | J2: 43.03 | K2: Matthew Hudson-Smith | L2: 8 | M2: 44.61 | N2: =COUNTIF(Results!$A:$A,A2) | O2: 8 | P2: 43.18 | Q2: Michael Johnson | R2: 1999 | S2: Y
A3: 2016-OG-M100 | B3: Olympic Games | C3: Rio de Janeiro | D3: 2016 | E3: Men | F3: 100 m | G3: sprint | H3: Usain Bolt | I3: JAM | J3: 9.81 | K3: Trayvon Bromell | L3: 8 | M3: 10.06 | N3: =COUNTIF(Results!$A:$A,A3) | O3: 8 | P3: 9.58 | Q3: Usain Bolt | R3: 2009
A4: 2016-OG-M200 | B4: Olympic Games | C4: Rio de Janeiro | D4: 2016 | E4: Men | F4: 200 m | G4: sprint | H4: Usain Bolt | I4: JAM | J4: 19.78 | K4: Ramil Guliyev | L4: 8 | M4: 20.43 | N4: =COUNTIF(Results!$A:$A,A4) | O4: 8 | P4: 19.19 | Q4: Usain Bolt | R4: 2009
A5: 2016-OG-M800 | B5: Olympic Games | C5: Rio de Janeiro | D5: 2016 | E5: Men | F5: 800 m | G5: middle | H5: David Rudisha | I5: KEN | J5: 1:42.15 | K5: Boris Berian | L5: 8 | M5: 1:46.15 | N5: =COUNTIF(Results!$A:$A,A5) | O5: 8 | P5: 1:40.91 | Q5: David Rudisha | R5: 2012
A6: 2016-OG-M1500 | B6: Olympic Games | C6: Rio de Janeiro | D6: 2016 | E6: Men | F6: 1500 m | G6: middle | H6: Matthew Centrowitz | I6: USA | J6: 3:50.00 | K6: Charlie Grice | L6: 12 | M6: 3:51.73 | N6: =COUNTIF(Results!$A:$A,A6) | O6: 13 | P6: 3:26.00 | Q6: Hicham El Guerrouj | R6: 1998 | T6: outlier-last
A7: 2016-OG-M5000 | B7: Olympic Games | C7: Rio de Janeiro | D7: 2016 | E7: Men | F7: 5000 m | G7: distance | H7: Mo Farah | I7: GBR | J7: 13:03.30 | K7: David Torrence | L7: 15 | M7: 13:43.12 | N7: =COUNTIF(Results!$A:$A,A7) | O7: 15 | P7: 12:37.35 | Q7: Kenenisa Bekele | R7: 2004
A8: 2016-OG-M10000 | B8: Olympic Games | C8: Rio de Janeiro | D8: 2016 | E8: Men | F8: 10,000 m | G8: distance | H8: Mo Farah | I8: GBR | J8: 27:05.17 | K8: Mohammed Ahmed | L8: 32 | M8: 29:32.84 | N8: =COUNTIF(Results!$A:$A,A8) | O8: 32 | P8: 26:17.53 | Q8: Kenenisa Bekele | R8: 2005
A9: 2016-OG-Mmarathon | B9: Olympic Games | C9: Rio de Janeiro | D9: 2016 | E9: Men | F9: marathon | G9: road | H9: Eliud Kipchoge | I9: KEN | J9: 2:08:44 | K9: Eric Gillis | L9: 10 | M9: 2:12:29 | N9: =COUNTIF(Results!$A:$A,A9) | O9: 139 | P9: 2:02:57 | Q9: Dennis Kimetto | R9: 2014 | T9: partial
A10: 2016-OG-M110H | B10: Olympic Games | C10: Rio de Janeiro | D10: 2016 | E10: Men | F10: 110 m hurdles | G10: hurdles | H10: Omar McLeod | I10: JAM | J10: 13.05 | K10: Milan Trajkovic | L10: 7 | M10: 13.41 | N10: =COUNTIF(Results!$A:$A,A10) | O10: 7 | P10: 12.80 | Q10: Aries Merritt | R10: 2012 | T10: short-field
A11: 2016-OG-M400H | B11: Olympic Games | C11: Rio de Janeiro | D11: 2016 | E11: Men | F11: 400 m hurdles | G11: hurdles | H11: Kerron Clement | I11: USA | J11: 47.73 | K11: Rasmus Mägi | L11: 6 | M11: 48.40 | N11: =COUNTIF(Results!$A:$A,A11) | O11: 7 | P11: 46.78 | Q11: Kevin Young | R11: 1992 | T11: short-field, outlier-last
A12: 2016-OG-M3000SC | B12: Olympic Games | C12: Rio de Janeiro | D12: 2016 | E12: Men | F12: 3000 m steeplechase | G12: distance | H12: Conseslus Kipruto | I12: KEN | J12: 8:03.28 | K12: Yemane Haileselassie | L12: 11 | M12: 8:40.68 | N12: =COUNTIF(Results!$A:$A,A12) | O12: 11 | P12: 7:53.63 | Q12: Saif Saaeed Shaheen | R12: 2004
A13: 2016-OG-MHJ | B13: Olympic Games | C13: Rio de Janeiro | D13: 2016 | E13: Men | F13: high jump | G13: jumps | H13: Derek Drouin | I13: CAN | J13: 2.38 | K13: Brandon Starc | L13: 15 | M13: 2.20 | N13: =COUNTIF(Results!$A:$A,A13) | O13: 15 | P13: 2.45 | Q13: Javier Sotomayor | R13: 1993
A14: 2016-OG-MPV | B14: Olympic Games | C14: Rio de Janeiro | D14: 2016 | E14: Men | F14: pole vault | G14: jumps | H14: Thiago Braz | I14: BRA | J14: 6.03 | K14: Germán Chiaraviglio | L14: 11 | M14: 5.50 | N14: =COUNTIF(Results!$A:$A,A14) | O14: 11 | P14: 6.16 | Q14: Renaud Lavillenie | R14: 2014
A15: 2016-OG-MLJ | B15: Olympic Games | C15: Rio de Janeiro | D15: 2016 | E15: Men | F15: long jump | G15: jumps | H15: Jeff Henderson | I15: USA | J15: 8.38 | K15: Damar Forbes | L15: 12 | M15: 7.82 | N15: =COUNTIF(Results!$A:$A,A15) | O15: 12 | P15: 8.95 | Q15: Mike Powell | R15: 1991
A16: 2016-OG-MTJ | B16: Olympic Games | C16: Rio de Janeiro | D16: 2016 | E16: Men | F16: triple jump | G16: jumps | H16: Christian Taylor | I16: USA | J16: 17.86 | K16: Karol Hoffmann | L16: 12 | M16: 16.31 | N16: =COUNTIF(Results!$A:$A,A16) | O16: 12 | P16: 18.29 | Q16: Jonathan Edwards | R16: 1995
A17: 2016-OG-MSP | B17: Olympic Games | C17: Rio de Janeiro | D17: 2016 | E17: Men | F17: shot put | G17: throws | H17: Ryan Crouser | I17: USA | J17: 22.52 | K17: Stipe Žunić | L17: 11 | M17: 20.04 | N17: =COUNTIF(Results!$A:$A,A17) | O17: 11 | P17: 23.12 | Q17: Randy Barnes | R17: 1990
A18: 2016-OG-MDT | B18: Olympic Games | C18: Rio de Janeiro | D18: 2016 | E18: Men | F18: discus | G18: throws | H18: Christoph Harting | I18: GER | J18: 68.37 | K18: Andrius Gudžius | L18: 12 | M18: 60.66 | N18: =COUNTIF(Results!$A:$A,A18) | O18: 12 | P18: 74.08 | Q18: Jürgen Schult | R18: 1986
A19: 2016-OG-MHT | B19: Olympic Games | C19: Rio de Janeiro | D19: 2016 | E19: Men | F19: hammer | G19: throws | H19: Dilshod Nazarov | I19: TJK | J19: 78.68 | K19: Wagner Domingos | L19: 12 | M19: 72.28 | N19: =COUNTIF(Results!$A:$A,A19) | O19: 12 | P19: 86.74 | Q19: Yuriy Sedykh | R19: 1986
A20: 2016-OG-MJT | B20: Olympic Games | C20: Rio de Janeiro | D20: 2016 | E20: Men | F20: javelin | G20: throws | H20: Thomas Röhler | I20: GER | J20: 90.30 | K20: Petr Frydrych | L20: 12 | M20: 79.12 | N20: =COUNTIF(Results!$A:$A,A20) | O20: 12 | P20: 98.48 | Q20: Jan Železný | R20: 1996
A21: 2016-OG-W100 | B21: Olympic Games | C21: Rio de Janeiro | D21: 2016 | E21: Women | F21: 100 m | G21: sprint | H21: Elaine Thompson | I21: JAM | J21: 10.71 | K21: English Gardner | L21: 7 | M21: 10.94 | N21: =COUNTIF(Results!$A:$A,A21) | O21: 8 | P21: 10.49 | Q21: Florence Griffith-Joyner | R21: 1988 | T21: outlier-last
A22: 2016-OG-W200 | B22: Olympic Games | C22: Rio de Janeiro | D22: 2016 | E22: Women | F22: 200 m | G22: sprint | H22: Elaine Thompson | I22: JAM | J22: 21.78 | K22: Ivet Lalova-Collio | L22: 8 | M22: 22.69 | N22: =COUNTIF(Results!$A:$A,A22) | O22: 8 | P22: 21.34 | Q22: Florence Griffith-Joyner | R22: 1988
A23: 2016-OG-W400 | B23: Olympic Games | C23: Rio de Janeiro | D23: 2016 | E23: Women | F23: 400 m | G23: sprint | H23: Shaunae Miller | I23: BAH | J23: 49.44 | K23: Libania Grenot | L23: 7 | M23: 51.25 | N23: =COUNTIF(Results!$A:$A,A23) | O23: 7 | P23: 47.60 | Q23: Marita Koch | R23: 1985 | T23: short-field
A24: 2016-OG-W800 | B24: Olympic Games | C24: Rio de Janeiro | D24: 2016 | E24: Women | F24: 800 m | G24: middle | H24: Caster Semenya | I24: RSA | J24: 1:55.28 | K24: Kate Grace | L24: 8 | M24: 1:59.57 | N24: =COUNTIF(Results!$A:$A,A24) | O24: 8 | P24: 1:53.28 | Q24: Jarmila Kratochvílová | R24: 1983
A25: 2016-OG-W1500 | B25: Olympic Games | C25: Rio de Janeiro | D25: 2016 | E25: Women | F25: 1500 m | G25: middle | H25: Faith Kipyegon | I25: KEN | J25: 4:08.92 | K25: Rababe Arafi | L25: 12 | M25: 4:15.16 | N25: =COUNTIF(Results!$A:$A,A25) | O25: 12 | P25: 3:50.07 | Q25: Genzebe Dibaba | R25: 2015
A26: 2016-OG-W5000 | B26: Olympic Games | C26: Rio de Janeiro | D26: 2016 | E26: Women | F26: 5000 m | G26: distance | H26: Vivian Cheruiyot | I26: KEN | J26: 14:26.17 | K26: Nikki Hamblin | L26: 17 | M26: 16:14.24 | N26: =COUNTIF(Results!$A:$A,A26) | O26: 17 | P26: 14:11.15 | Q26: Tirunesh Dibaba | R26: 2008
A27: 2016-OG-W10000 | B27: Olympic Games | C27: Rio de Janeiro | D27: 2016 | E27: Women | F27: 10,000 m | G27: distance | H27: Almaz Ayana | I27: ETH | J27: 29:17.45 | K27: Eloise Wellings | L27: 10 | M27: 31:14.94 | N27: =COUNTIF(Results!$A:$A,A27) | O27: 35 | P27: 29:31.78 | Q27: Wang Junxia | R27: 1993 | S27: Y | T27: partial
A28: 2016-OG-Wmarathon | B28: Olympic Games | C28: Rio de Janeiro | D28: 2016 | E28: Women | F28: marathon | G28: road | H28: Jemima Sumgong | I28: KEN | J28: 2:24:04 | K28: Kim Hye-song | L28: 10 | M28: 2:28:36 | N28: =COUNTIF(Results!$A:$A,A28) | O28: 133 | P28: 2:15:25 | Q28: Paula Radcliffe | R28: 2003 | T28: partial
A29: 2016-OG-W100H | B29: Olympic Games | C29: Rio de Janeiro | D29: 2016 | E29: Women | F29: 100 m hurdles | G29: hurdles | H29: Brianna Rollins | I29: USA | J29: 12.48 | K29: Phylicia George | L29: 8 | M29: 12.89 | N29: =COUNTIF(Results!$A:$A,A29) | O29: 8 | P29: 12.20 | Q29: Kendra Harrison | R29: 2016 | T29: check-mark
A30: 2016-OG-W400H | B30: Olympic Games | C30: Rio de Janeiro | D30: 2016 | E30: Women | F30: 400 m hurdles | G30: hurdles | H30: Dalilah Muhammad | I30: USA | J30: 53.13 | K30: Eilidh Doyle | L30: 8 | M30: 54.61 | N30: =COUNTIF(Results!$A:$A,A30) | O30: 8 | P30: 52.34 | Q30: Yuliya Pechonkina | R30: 2003
A31: 2016-OG-W3000SC | B31: Olympic Games | C31: Rio de Janeiro | D31: 2016 | E31: Women | F31: 3000 m steeplechase | G31: distance | H31: Ruth Jebet | I31: BRN | J31: 8:59.75 | K31: Fabienne Schlumpf | L31: 18 | M31: 9:59.30 | N31: =COUNTIF(Results!$A:$A,A31) | O31: 18 | P31: 8:58.81 | Q31: Gulnara Galkina | R31: 2008
A32: 2016-OG-WHJ | B32: Olympic Games | C32: Rio de Janeiro | D32: 2016 | E32: Women | F32: high jump | G32: jumps | H32: Ruth Beitia | I32: ESP | J32: 1.97 | K32: Alyxandria Treasure | L32: 17 | M32: 1.88 | N32: =COUNTIF(Results!$A:$A,A32) | O32: 17 | P32: 2.09 | Q32: Stefka Kostadinova | R32: 1987
A33: 2016-OG-WPV | B33: Olympic Games | C33: Rio de Janeiro | D33: 2016 | E33: Women | F33: pole vault | G33: jumps | H33: Katerina Stefanidi | I33: GRE | J33: 4.85 | K33: Kelsie Ahbe | L33: 12 | M33: 4.50 | N33: =COUNTIF(Results!$A:$A,A33) | O33: 12 | P33: 5.06 | Q33: Yelena Isinbayeva | R33: 2009
A34: 2016-OG-WLJ | B34: Olympic Games | C34: Rio de Janeiro | D34: 2016 | E34: Women | F34: long jump | G34: jumps | H34: Tianna Bartoletta | I34: USA | J34: 7.17 | K34: Lorraine Ugen | L34: 11 | M34: 6.58 | N34: =COUNTIF(Results!$A:$A,A34) | O34: 11 | P34: 7.52 | Q34: Galina Chistyakova | R34: 1988
A35: 2016-OG-WTJ | B35: Olympic Games | C35: Rio de Janeiro | D35: 2016 | E35: Women | F35: triple jump | G35: jumps | H35: Caterine Ibargüen | I35: COL | J35: 15.17 | K35: Kristiina Mäkelä | L35: 12 | M35: 13.95 | N35: =COUNTIF(Results!$A:$A,A35) | O35: 12 | P35: 15.50 | Q35: Inessa Kravets | R35: 1995
A36: 2016-OG-WSP | B36: Olympic Games | C36: Rio de Janeiro | D36: 2016 | E36: Women | F36: shot put | G36: throws | H36: Michelle Carter | I36: USA | J36: 20.63 | K36: Auriole Dongmo | L36: 12 | M36: 16.99 | N36: =COUNTIF(Results!$A:$A,A36) | O36: 12 | P36: 22.63 | Q36: Natalya Lisovskaya | R36: 1987
A37: 2016-OG-WDT | B37: Olympic Games | C37: Rio de Janeiro | D37: 2016 | E37: Women | F37: discus | G37: throws | H37: Sandra Perković | I37: CRO | J37: 69.21 | K37: Shanice Craft | L37: 11 | M37: 59.85 | N37: =COUNTIF(Results!$A:$A,A37) | O37: 11 | P37: 76.80 | Q37: Gabriele Reinsch | R37: 1988
A38: 2016-OG-WHT | B38: Olympic Games | C38: Rio de Janeiro | D38: 2016 | E38: Women | F38: hammer | G38: throws | H38: Anita Włodarczyk | I38: POL | J38: 82.29 | K38: Alexandra Tavernier | L38: 11 | M38: 65.18 | N38: =COUNTIF(Results!$A:$A,A38) | O38: 11 | P38: 81.08 | Q38: Anita Włodarczyk | R38: 2015 | S38: Y
A39: 2016-OG-WJT | B39: Olympic Games | C39: Rio de Janeiro | D39: 2016 | E39: Women | F39: javelin | G39: throws | H39: Sara Kolak | I39: CRO | J39: 66.18 | K39: Christin Hussong | L39: 12 | M39: 57.70 | N39: =COUNTIF(Results!$A:$A,A39) | O39: 12 | P39: 72.28 | Q39: Barbora Špotáková | R39: 2008
A40: 2017-WC-M100 | B40: World Championships | C40: London | D40: 2017 | E40: Men | F40: 100 m | G40: sprint | H40: Justin Gatlin | I40: USA | J40: 9.92 | K40: Su Bingtian | L40: 8 | M40: 10.27 | N40: =COUNTIF(Results!$A:$A,A40) | O40: 8 | P40: 9.58 | Q40: Usain Bolt | R40: 2009
A41: 2017-WC-M200 | B41: World Championships | C41: London | D41: 2017 | E41: Men | F41: 200 m | G41: sprint | H41: Ramil Guliyev | I41: TUR | J41: 20.09 | K41: Isiah Young | L41: 8 | M41: 20.64 | N41: =COUNTIF(Results!$A:$A,A41) | O41: 8 | P41: 19.19 | Q41: Usain Bolt | R41: 2009
A42: 2017-WC-M800 | B42: World Championships | C42: London | D42: 2017 | E42: Men | F42: 800 m | G42: middle | H42: Pierre-Ambroise Bosse | I42: FRA | J42: 1:44.67 | K42: Brandon McBride | L42: 8 | M42: 1:47.09 | N42: =COUNTIF(Results!$A:$A,A42) | O42: 8 | P42: 1:40.91 | Q42: David Rudisha | R42: 2012
A43: 2017-WC-M5000 | B43: World Championships | C43: London | D43: 2017 | E43: Men | F43: 5000 m | G43: distance | H43: Muktar Edris | I43: ETH | J43: 13:32.79 | K43: Cyrus Rutto | L43: 13 | M43: 13:48.64 | N43: =COUNTIF(Results!$A:$A,A43) | O43: 14 | P43: 12:37.35 | Q43: Kenenisa Bekele | R43: 2004 | T43: outlier-last
A44: 2017-WC-M400 | B44: World Championships | C44: London | D44: 2017 | E44: Men | F44: 400 m | G44: sprint | H44: Wayde van Niekerk | I44: RSA | J44: 43.98 | K44: Fred Kerley | L44: 7 | M44: 45.23 | N44: =COUNTIF(Results!$A:$A,A44) | O44: 7 | P44: 43.03 | Q44: Wayde van Niekerk | R44: 2016 | T44: short-field
A45: 2017-WC-M1500 | B45: World Championships | C45: London | D45: 2017 | E45: Men | F45: 1500 m | G45: middle | H45: Elijah Manangoi | I45: KEN | J45: 3:33.61 | K45: Chris O'Hare | L45: 12 | M45: 3:38.28 | N45: =COUNTIF(Results!$A:$A,A45) | O45: 12 | P45: 3:26.00 | Q45: Hicham El Guerrouj | R45: 1998
A46: 2017-WC-M10000 | B46: World Championships | C46: London | D46: 2017 | E46: Men | F46: 10,000 m | G46: distance | H46: Mo Farah | I46: GBR | J46: 26:49.51 | K46: Andamlak Belihu | L46: 10 | M46: 27:08.94 | N46: =COUNTIF(Results!$A:$A,A46) | O46: 22 | P46: 26:17.53 | Q46: Kenenisa Bekele | R46: 2005 | T46: partial
A47: 2017-WC-Mmarathon | B47: World Championships | C47: London | D47: 2017 | E47: Men | F47: marathon | G47: road | H47: Geoffrey Kirui | I47: KEN | J47: 2:08:27 | K47: Kentaro Nakamoto | L47: 10 | M47: 2:12:41 | N47: =COUNTIF(Results!$A:$A,A47) | O47: 71 | P47: 2:02:57 | Q47: Dennis Kimetto | R47: 2014 | T47: partial
A48: 2017-WC-M110H | B48: World Championships | C48: London | D48: 2017 | E48: Men | F48: 110 m hurdles | G48: hurdles | H48: Omar McLeod | I48: JAM | J48: 13.04 | K48: Hansle Parchment | L48: 8 | M48: 13.37 | N48: =COUNTIF(Results!$A:$A,A48) | O48: 8 | P48: 12.80 | Q48: Aries Merritt | R48: 2012
A49: 2017-WC-M400H | B49: World Championships | C49: London | D49: 2017 | E49: Men | F49: 400 m hurdles | G49: hurdles | H49: Karsten Warholm | I49: NOR | J49: 48.35 | K49: Kariem Hussein | L49: 8 | M49: 50.07 | N49: =COUNTIF(Results!$A:$A,A49) | O49: 8 | P49: 46.78 | Q49: Kevin Young | R49: 1992
A50: 2017-WC-M3000SC | B50: World Championships | C50: London | D50: 2017 | E50: Men | F50: 3000 m steeplechase | G50: distance | H50: Conseslus Kipruto | I50: KEN | J50: 8:14.12 | K50: Yoann Kowal | L50: 13 | M50: 8:34.53 | N50: =COUNTIF(Results!$A:$A,A50) | O50: 14 | P50: 7:53.63 | Q50: Saif Saaeed Shaheen | R50: 2004 | T50: outlier-last
A51: 2017-WC-MHJ | B51: World Championships | C51: London | D51: 2017 | E51: Men | F51: high jump | G51: jumps | H51: Mutaz Essa Barshim | I51: QAT | J51: 2.35 | K51: Eike Onnen | L51: 10 | M51: 2.20 | N51: =COUNTIF(Results!$A:$A,A51) | O51: 10 | P51: 2.45 | Q51: Javier Sotomayor | R51: 1993
A52: 2017-WC-MPV | B52: World Championships | C52: London | D52: 2017 | E52: Men | F52: pole vault | G52: jumps | H52: Sam Kendricks | I52: USA | J52: 5.95 | K52: Armand Duplantis | L52: 9 | M52: 5.50 | N52: =COUNTIF(Results!$A:$A,A52) | O52: 9 | P52: 6.16 | Q52: Renaud Lavillenie | R52: 2014
A53: 2017-WC-MLJ | B53: World Championships | C53: London | D53: 2017 | E53: Men | F53: long jump | G53: jumps | H53: Luvo Manyonga | I53: RSA | J53: 8.48 | K53: Damar Forbes | L53: 12 | M53: 7.91 | N53: =COUNTIF(Results!$A:$A,A53) | O53: 12 | P53: 8.95 | Q53: Mike Powell | R53: 1991
A54: 2017-WC-MTJ | B54: World Championships | C54: London | D54: 2017 | E54: Men | F54: triple jump | G54: jumps | H54: Christian Taylor | I54: USA | J54: 17.68 | K54: Lázaro Martínez | L54: 12 | M54: 16.25 | N54: =COUNTIF(Results!$A:$A,A54) | O54: 12 | P54: 18.29 | Q54: Jonathan Edwards | R54: 1995
A55: 2017-WC-MSP | B55: World Championships | C55: London | D55: 2017 | E55: Men | F55: shot put | G55: throws | H55: Tomas Walsh | I55: NZL | J55: 22.03 | K55: Darrell Hill | L55: 11 | M55: 20.79 | N55: =COUNTIF(Results!$A:$A,A55) | O55: 12 | P55: 23.12 | Q55: Randy Barnes | R55: 1990 | T55: outlier-last
A56: 2017-WC-MDT | B56: World Championships | C56: London | D56: 2017 | E56: Men | F56: discus | G56: throws | H56: Andrius Gudžius | I56: LTU | J56: 69.21 | K56: Gerd Kanter | L56: 12 | M56: 60.00 | N56: =COUNTIF(Results!$A:$A,A56) | O56: 12 | P56: 74.08 | Q56: Jürgen Schult | R56: 1986
A57: 2017-WC-MHT | B57: World Championships | C57: London | D57: 2017 | E57: Men | F57: hammer | G57: throws | H57: Paweł Fajdek | I57: POL | J57: 79.81 | K57: Özkan Baltacı | L57: 12 | M57: 74.39 | N57: =COUNTIF(Results!$A:$A,A57) | O57: 12 | P57: 86.74 | Q57: Yuriy Sedykh | R57: 1986
A58: 2017-WC-MJT | B58: World Championships | C58: London | D58: 2017 | E58: Men | F58: javelin | G58: throws | H58: Johannes Vetter | I58: GER | J58: 89.89 | K58: Julius Yego | L58: 13 | M58: 76.29 | N58: =COUNTIF(Results!$A:$A,A58) | O58: 13 | P58: 98.48 | Q58: Jan Železný | R58: 1996
A59: 2017-WC-W100 | B59: World Championships | C59: London | D59: 2017 | E59: Women | F59: 100 m | G59: sprint | H59: Tori Bowie | I59: USA | J59: 10.85 | K59: Kelly-Ann Baptiste | L59: 8 | M59: 11.09 | N59: =COUNTIF(Results!$A:$A,A59) | O59: 8 | P59: 10.49 | Q59: Florence Griffith-Joyner | R59: 1988
A60: 2017-WC-W200 | B60: World Championships | C60: London | D60: 2017 | E60: Women | F60: 200 m | G60: sprint | H60: Dafne Schippers | I60: NED | J60: 22.05 | K60: Crystal Emmanuel | L60: 7 | M60: 22.60 | N60: =COUNTIF(Results!$A:$A,A60) | O60: 8 | P60: 21.34 | Q60: Florence Griffith-Joyner | R60: 1988 | T60: outlier-last
A61: 2017-WC-W400 | B61: World Championships | C61: London | D61: 2017 | E61: Women | F61: 400 m | G61: sprint | H61: Phyllis Francis | I61: USA | J61: 49.92 | K61: Novlene Williams-Mills | L61: 8 | M61: 51.48 | N61: =COUNTIF(Results!$A:$A,A61) | O61: 8 | P61: 47.60 | Q61: Marita Koch | R61: 1985
A62: 2017-WC-W800 | B62: World Championships | C62: London | D62: 2017 | E62: Women | F62: 800 m | G62: middle | H62: Caster Semenya | I62: RSA | J62: 1:55.16 | K62: Lynsey Sharp | L62: 8 | M62: 1:58.98 | N62: =COUNTIF(Results!$A:$A,A62) | O62: 8 | P62: 1:53.28 | Q62: Jarmila Kratochvílová | R62: 1983
A63: 2017-WC-W1500 | B63: World Championships | C63: London | D63: 2017 | E63: Women | F63: 1500 m | G63: middle | H63: Faith Kipyegon | I63: KEN | J63: 4:02.59 | K63: Genzebe Dibaba | L63: 12 | M63: 4:06.72 | N63: =COUNTIF(Results!$A:$A,A63) | O63: 12 | P63: 3:50.07 | Q63: Genzebe Dibaba | R63: 2015
A64: 2017-WC-W5000 | B64: World Championships | C64: London | D64: 2017 | E64: Women | F64: 5000 m | G64: distance | H64: Hellen Obiri | I64: KEN | J64: 14:34.86 | K64: Shelby Houlihan | L64: 13 | M64: 15:06.40 | N64: =COUNTIF(Results!$A:$A,A64) | O64: 14 | P64: 14:11.15 | Q64: Tirunesh Dibaba | R64: 2008 | T64: outlier-last
A65: 2017-WC-W10000 | B65: World Championships | C65: London | D65: 2017 | E65: Women | F65: 10,000 m | G65: distance | H65: Almaz Ayana | I65: ETH | J65: 30:16.32 | K65: Ayuko Suzuki | L65: 10 | M65: 31:27.30 | N65: =COUNTIF(Results!$A:$A,A65) | O65: 31 | P65: 29:17.45 | Q65: Almaz Ayana | R65: 2016 | T65: partial
A66: 2017-WC-Wmarathon | B66: World Championships | C66: London | D66: 2017 | E66: Women | F66: marathon | G66: road | H66: Rose Chelimo | I66: BRN | J66: 2:27:11 | K66: Berhane Dibaba | L66: 10 | M66: 2:29:01 | N66: =COUNTIF(Results!$A:$A,A66) | O66: 78 | P66: 2:15:25 | Q66: Paula Radcliffe | R66: 2003 | T66: partial
A67: 2017-WC-W100H | B67: World Championships | C67: London | D67: 2017 | E67: Women | F67: 100 m hurdles | G67: hurdles | H67: Sally Pearson | I67: AUS | J67: 12.59 | K67: Nadine Visser | L67: 7 | M67: 12.83 | N67: =COUNTIF(Results!$A:$A,A67) | O67: 8 | P67: 12.20 | Q67: Kendra Harrison | R67: 2016 | T67: outlier-last
A68: 2017-WC-W400H | B68: World Championships | C68: London | D68: 2017 | E68: Women | F68: 400 m hurdles | G68: hurdles | H68: Kori Carter | I68: USA | J68: 53.07 | K68: Eilidh Doyle | L68: 8 | M68: 55.71 | N68: =COUNTIF(Results!$A:$A,A68) | O68: 8 | P68: 52.34 | Q68: Yuliya Pechonkina | R68: 2003
A69: 2017-WC-W3000SC | B69: World Championships | C69: London | D69: 2017 | E69: Women | F69: 3000 m steeplechase | G69: distance | H69: Emma Coburn | I69: USA | J69: 9:02.58 | K69: Geneviève Lalonde | L69: 13 | M69: 9:29.99 | N69: =COUNTIF(Results!$A:$A,A69) | O69: 13 | P69: 8:52.78 | Q69: Ruth Jebet | R69: 2016
A70: 2017-WC-WHJ | B70: World Championships | C70: London | D70: 2017 | E70: Women | F70: high jump | G70: jumps | H70: Mariya Lasitskene | I70: ANA | J70: 2.03 | K70: Ruth Beitia | L70: 12 | M70: 1.88 | N70: =COUNTIF(Results!$A:$A,A70) | O70: 12 | P70: 2.09 | Q70: Stefka Kostadinova | R70: 1987
A71: 2017-WC-WPV | B71: World Championships | C71: London | D71: 2017 | E71: Women | F71: pole vault | G71: jumps | H71: Katerina Stefanidi | I71: GRE | J71: 4.91 | K71: Anicka Newell | L71: 12 | M71: 4.45 | N71: =COUNTIF(Results!$A:$A,A71) | O71: 12 | P71: 5.06 | Q71: Yelena Isinbayeva | R71: 2009
A72: 2017-WC-WLJ | B72: World Championships | C72: London | D72: 2017 | E72: Women | F72: long jump | G72: jumps | H72: Brittney Reese | I72: USA | J72: 7.02 | K72: Alina Rotaru | L72: 12 | M72: 6.46 | N72: =COUNTIF(Results!$A:$A,A72) | O72: 12 | P72: 7.52 | Q72: Galina Chistyakova | R72: 1988
A73: 2017-WC-WTJ | B73: World Championships | C73: London | D73: 2017 | E73: Women | F73: triple jump | G73: jumps | H73: Yulimar Rojas | I73: VEN | J73: 14.91 | K73: Neele Eckhardt | L73: 12 | M73: 13.97 | N73: =COUNTIF(Results!$A:$A,A73) | O73: 12 | P73: 15.50 | Q73: Inessa Kravets | R73: 1995
A74: 2017-WC-WSP | B74: World Championships | C74: London | D74: 2017 | E74: Women | F74: shot put | G74: throws | H74: Gong Lijiao | I74: CHN | J74: 19.94 | K74: Bian Ka | L74: 12 | M74: 17.60 | N74: =COUNTIF(Results!$A:$A,A74) | O74: 12 | P74: 22.63 | Q74: Natalya Lisovskaya | R74: 1987
A75: 2017-WC-WDT | B75: World Championships | C75: London | D75: 2017 | E75: Women | F75: discus | G75: throws | H75: Sandra Perković | I75: CRO | J75: 70.31 | K75: Andressa de Morais | L75: 11 | M75: 60.00 | N75: =COUNTIF(Results!$A:$A,A75) | O75: 11 | P75: 76.80 | Q75: Gabriele Reinsch | R75: 1988
A76: 2017-WC-WHT | B76: World Championships | C76: London | D76: 2017 | E76: Women | F76: hammer | G76: throws | H76: Anita Włodarczyk | I76: POL | J76: 77.90 | K76: Alexandra Tavernier | L76: 12 | M76: 66.31 | N76: =COUNTIF(Results!$A:$A,A76) | O76: 12 | P76: 82.98 | Q76: Anita Włodarczyk | R76: 2016
A77: 2017-WC-WJT | B77: World Championships | C77: London | D77: 2017 | E77: Women | F77: javelin | G77: throws | H77: Barbora Špotáková | I77: CZE | J77: 66.76 | K77: Elizabeth Gleadle | L77: 12 | M77: 60.12 | N77: =COUNTIF(Results!$A:$A,A77) | O77: 12 | P77: 72.28 | Q77: Barbora Špotáková | R77: 2008
A78: 2019-WC-M100 | B78: World Championships | C78: Doha | D78: 2019 | E78: Men | F78: 100 m | G78: sprint | H78: Christian Coleman | I78: USA | J78: 9.76 | K78: Aaron Brown | L78: 8 | M78: 10.08 | N78: =COUNTIF(Results!$A:$A,A78) | O78: 8 | P78: 9.58 | Q78: Usain Bolt | R78: 2009
A79: 2019-WC-M200 | B79: World Championships | C79: Doha | D79: 2019 | E79: Men | F79: 200 m | G79: sprint | H79: Noah Lyles | I79: USA | J79: 19.83 | K79: Xie Zhenye | L79: 7 | M79: 20.14 | N79: =COUNTIF(Results!$A:$A,A79) | O79: 8 | P79: 19.19 | Q79: Usain Bolt | R79: 2009 | T79: outlier-last
A80: 2019-WC-M400 | B80: World Championships | C80: Doha | D80: 2019 | E80: Men | F80: 400 m | G80: sprint | H80: Steven Gardiner | I80: BAH | J80: 43.48 | K80: Akeem Bloomfield | L80: 8 | M80: 45.36 | N80: =COUNTIF(Results!$A:$A,A80) | O80: 8 | P80: 43.03 | Q80: Wayde van Niekerk | R80: 2016
A81: 2019-WC-M800 | B81: World Championships | C81: Doha | D81: 2019 | E81: Men | F81: 800 m | G81: middle | H81: Donavan Brazier | I81: USA | J81: 1:42.34 | K81: Marco Arop | L81: 7 | M81: 1:45.78 | N81: =COUNTIF(Results!$A:$A,A81) | O81: 8 | P81: 1:40.91 | Q81: David Rudisha | R81: 2012 | T81: outlier-last
A82: 2019-WC-M1500 | B82: World Championships | C82: Doha | D82: 2019 | E82: Men | F82: 1500 m | G82: middle | H82: Timothy Cheruiyot | I82: KEN | J82: 3:29.26 | K82: Youssouf Hich Bachir | L82: 12 | M82: 3:37.96 | N82: =COUNTIF(Results!$A:$A,A82) | O82: 12 | P82: 3:26.00 | Q82: Hicham El Guerrouj | R82: 1998
A83: 2019-WC-M5000 | B83: World Championships | C83: Doha | D83: 2019 | E83: Men | F83: 5000 m | G83: distance | H83: Muktar Edris | I83: ETH | J83: 12:58.85 | K83: Isaac Kimeli | L83: 14 | M83: 13:44.29 | N83: =COUNTIF(Results!$A:$A,A83) | O83: 14 | P83: 12:37.35 | Q83: Kenenisa Bekele | R83: 2004
A84: 2019-WC-M10000 | B84: World Championships | C84: Doha | D84: 2019 | E84: Men | F84: 10,000 m | G84: distance | H84: Joshua Cheptegei | I84: UGA | J84: 26:48.36 | K84: Onesphore Nzikwinkunda | L84: 15 | M84: 29:11.50 | N84: =COUNTIF(Results!$A:$A,A84) | O84: 15 | P84: 26:17.53 | Q84: Kenenisa Bekele | R84: 2005
A85: 2019-WC-Mmarathon | B85: World Championships | C85: Doha | D85: 2019 | E85: Men | F85: marathon | G85: road | H85: Lelisa Desisa | I85: ETH | J85: 2:10:40 | K85: Daniel Mateo | L85: 10 | M85: 2:12:15 | N85: =COUNTIF(Results!$A:$A,A85) | O85: 55 | P85: 2:01:39 | Q85: Eliud Kipchoge | R85: 2018 | T85: partial
A86: 2019-WC-M110H | B86: World Championships | C86: Doha | D86: 2019 | E86: Men | F86: 110 m hurdles | G86: hurdles | H86: Grant Holloway | I86: USA | J86: 13.10 | K86: Milan Trajkovic | L86: 8 | M86: 13.87 | N86: =COUNTIF(Results!$A:$A,A86) | O86: 8 | P86: 12.80 | Q86: Aries Merritt | R86: 2012 | T86: order
A87: 2019-WC-M400H | B87: World Championships | C87: Doha | D87: 2019 | E87: Men | F87: 400 m hurdles | G87: hurdles | H87: Karsten Warholm | I87: NOR | J87: 47.42 | K87: Alison dos Santos | L87: 7 | M87: 48.28 | N87: =COUNTIF(Results!$A:$A,A87) | O87: 8 | P87: 46.78 | Q87: Kevin Young | R87: 1992 | T87: outlier-last
A88: 2019-WC-M3000SC | B88: World Championships | C88: Doha | D88: 2019 | E88: Men | F88: 3000 m steeplechase | G88: distance | H88: Conseslus Kipruto | I88: KEN | J88: 8:01.35 | K88: Matthew Hughes | L88: 14 | M88: 8:24.78 | N88: =COUNTIF(Results!$A:$A,A88) | O88: 15 | P88: 7:53.63 | Q88: Saif Saaeed Shaheen | R88: 2004 | T88: outlier-last
A89: 2019-WC-MHJ | B89: World Championships | C89: Doha | D89: 2019 | E89: Men | F89: high jump | G89: jumps | H89: Mutaz Essa Barshim | I89: QAT | J89: 2.37 | K89: Luis Castro | L89: 12 | M89: 2.19 | N89: =COUNTIF(Results!$A:$A,A89) | O89: 12 | P89: 2.45 | Q89: Javier Sotomayor | R89: 1993
A90: 2019-WC-MPV | B90: World Championships | C90: Doha | D90: 2019 | E90: Men | F90: pole vault | G90: jumps | H90: Sam Kendricks | I90: USA | J90: 5.97 | K90: Cole Walsh | L90: 10 | M90: 5.55 | N90: =COUNTIF(Results!$A:$A,A90) | O90: 12 | P90: 6.16 | Q90: Renaud Lavillenie | R90: 2014 | T90: partial
A91: 2019-WC-MLJ | B91: World Championships | C91: Doha | D91: 2019 | E91: Men | F91: long jump | G91: jumps | H91: Tajay Gayle | I91: JAM | J91: 8.69 | K91: Shotaro Shiroyama | L91: 11 | M91: 7.77 | N91: =COUNTIF(Results!$A:$A,A91) | O91: 11 | P91: 8.95 | Q91: Mike Powell | R91: 1991
A92: 2019-WC-MTJ | B92: World Championships | C92: Doha | D92: 2019 | E92: Men | F92: triple jump | G92: jumps | H92: Christian Taylor | I92: USA | J92: 17.92 | K92: Necati Er | L92: 11 | M92: 16.34 | N92: =COUNTIF(Results!$A:$A,A92) | O92: 12 | P92: 18.29 | Q92: Jonathan Edwards | R92: 1995 | T92: outlier-last
A93: 2019-WC-MSP | B93: World Championships | C93: Doha | D93: 2019 | E93: Men | F93: shot put | G93: throws | H93: Joe Kovacs | I93: USA | J93: 22.91 | K93: Filip Mihaljević | L93: 11 | M93: 20.48 | N93: =COUNTIF(Results!$A:$A,A93) | O93: 11 | P93: 23.12 | Q93: Randy Barnes | R93: 1990
A94: 2019-WC-MDT | B94: World Championships | C94: Doha | D94: 2019 | E94: Men | F94: discus | G94: throws | H94: Daniel Ståhl | I94: SWE | J94: 67.59 | K94: Andrius Gudžius | L94: 12 | M94: 61.55 | N94: =COUNTIF(Results!$A:$A,A94) | O94: 12 | P94: 74.08 | Q94: Jürgen Schult | R94: 1986
A95: 2019-WC-MHT | B95: World Championships | C95: Doha | D95: 2019 | E95: Men | F95: hammer | G95: throws | H95: Paweł Fajdek | I95: POL | J95: 80.50 | K95: Yevgeniy Korotovskiy | L95: 12 | M95: 75.14 | N95: =COUNTIF(Results!$A:$A,A95) | O95: 12 | P95: 86.74 | Q95: Yuriy Sedykh | R95: 1986
A96: 2019-WC-MJT | B96: World Championships | C96: Doha | D96: 2019 | E96: Men | F96: javelin | G96: throws | H96: Anderson Peters | I96: GRN | J96: 86.89 | K96: Keshorn Walcott | L96: 11 | M96: 77.47 | N96: =COUNTIF(Results!$A:$A,A96) | O96: 11 | P96: 98.48 | Q96: Jan Železný | R96: 1996
A97: 2019-WC-W100 | B97: World Championships | C97: Doha | D97: 2019 | E97: Women | F97: 100 m | G97: sprint | H97: Shelly-Ann Fraser-Pryce | I97: JAM | J97: 10.71 | K97: Teahna Daniels | L97: 7 | M97: 11.19 | N97: =COUNTIF(Results!$A:$A,A97) | O97: 7 | P97: 10.49 | Q97: Florence Griffith-Joyner | R97: 1988 | T97: short-field
A98: 2019-WC-W200 | B98: World Championships | C98: Doha | D98: 2019 | E98: Women | F98: 200 m | G98: sprint | H98: Dina Asher-Smith | I98: GBR | J98: 21.88 | K98: Tynia Gaither | L98: 8 | M98: 22.90 | N98: =COUNTIF(Results!$A:$A,A98) | O98: 8 | P98: 21.34 | Q98: Florence Griffith-Joyner | R98: 1988
A99: 2019-WC-W400 | B99: World Championships | C99: Doha | D99: 2019 | E99: Women | F99: 400 m | G99: sprint | H99: Salwa Eid Naser | I99: BHR | J99: 48.14 | K99: Iga Baumgart-Witan | L99: 8 | M99: 51.29 | N99: =COUNTIF(Results!$A:$A,A99) | O99: 8 | P99: 47.60 | Q99: Marita Koch | R99: 1985
A100: 2019-WC-W800 | B100: World Championships | C100: Doha | D100: 2019 | E100: Women | F100: 800 m | G100: middle | H100: Halimah Nakaayi | I100: UGA | J100: 1:58.04 | K100: Rababe Arafi | L100: 7 | M100: 2:00.48 | N100: =COUNTIF(Results!$A:$A,A100) | O100: 8 | P100: 1:53.28 | Q100: Jarmila Kratochvílová | R100: 1983 | T100: outlier-last
...

Sheet Results
A1: Final ID | B1: Place | C1: Athlete | D1: Country | E1: Mark | F1: Value (s or m)
A2: 2016-OG-M400 | B2: 1 | C2: Wayde van Niekerk | D2: RSA | E2: 43.03 | F2: 43.03
A3: 2016-OG-M400 | B3: 2 | C3: Kirani James | D3: GRN | E3: 43.76 | F3: 43.76
A4: 2016-OG-M400 | B4: 3 | C4: LaShawn Merritt | D4: USA | E4: 43.85 | F4: 43.85
A5: 2016-OG-M400 | B5: 4 | C5: Machel Cedenio | D5: TTO | E5: 44.01 | F5: 44.01
A6: 2016-OG-M400 | B6: 5 | C6: Karabo Sibanda | D6: BOT | E6: 44.25 | F6: 44.25
A7: 2016-OG-M400 | B7: 6 | C7: Ali Khamis | D7: BRN | E7: 44.36 | F7: 44.36
A8: 2016-OG-M400 | B8: 7 | C8: Bralon Taplin | D8: GRN | E8: 44.45 | F8: 44.45
A9: 2016-OG-M400 | B9: 8 | C9: Matthew Hudson-Smith | D9: GBR | E9: 44.61 | F9: 44.61
A10: 2016-OG-M100 | B10: 1 | C10: Usain Bolt | D10: JAM | E10: 9.81 | F10: 9.81
A11: 2016-OG-M100 | B11: 2 | C11: Justin Gatlin | D11: USA | E11: 9.89 | F11: 9.89
A12: 2016-OG-M100 | B12: 3 | C12: Andre De Grasse | D12: CAN | E12: 9.91 | F12: 9.91
A13: 2016-OG-M100 | B13: 4 | C13: Yohan Blake | D13: JAM | E13: 9.93 | F13: 9.93
... A3360: 2025-WC-WJT | B3360: 12 | C3360: Małgorzata Maślak-Glugla | D3360: POL | E3360: 57.80 | F3360: 57.8

Sheet World records
A1: Event | B1: Mark | C1: Holder | D1: Year | E1: Going into | F1: Set in final
A2: Men's 400 m | B2: 43.18 | C2: Michael Johnson | D2: 1999 | E2: 2016-OG-M400
A3: Men's 400 m | B3: 43.03 | C3: Wayde van Niekerk | D3: 2016 | E3: 2017-WC-M400, 2019-WC-M400, 2020-OG-M400, 2022-WC-M400, 2023-WC-M400, 2024-OG-M400, 2025-WC-M400 | F3: 2016-OG-M400
A4: Men's 100 m | B4: 9.58 | C4: Usain Bolt | D4: 2009 | E4: 2016-OG-M100, 2017-WC-M100, 2019-WC-M100, 2020-OG-M100, 2022-WC-M100, 2023-WC-M100, 2024-OG-M100, 2025-WC-M100
A5: Men's 200 m | B5: 19.19 | C5: Usain Bolt | D5: 2009 | E5: 2016-OG-M200, 2017-WC-M200, 2019-WC-M200, 2020-OG-M200, 2022-WC-M200, 2023-WC-M200, 2024-OG-M200, 2025-WC-M200
A6: Men's 800 m | B6: 1:40.91 | C6: David Rudisha | D6: 2012 | E6: 2016-OG-M800, 2017-WC-M800, 2019-WC-M800, 2020-OG-M800, 2022-WC-M800, 2023-WC-M800, 2024-OG-M800, 2025-WC-M800
A7: Men's 1500 m | B7: 3:26.00 | C7: Hicham El Guerrouj | D7: 1998 | E7: 2016-OG-M1500, 2017-WC-M1500, 2019-WC-M1500, 2020-OG-M1500, 2022-WC-M1500, 2023-WC-M1500, 2024-OG-M1500, 2025-WC-M1500
A8: Men's 5000 m | B8: 12:37.35 | C8: Kenenisa Bekele | D8: 2004 | E8: 2016-OG-M5000, 2017-WC-M5000, 2019-WC-M5000
A9: Men's 5000 m | B9: 12:35.36 | C9: Joshua Cheptegei | D9: 2020 | E9: 2020-OG-M5000, 2022-WC-M5000, 2023-WC-M5000, 2024-OG-M5000, 2025-WC-M5000
A10: Men's 10,000 m | B10: 26:17.53 | C10: Kenenisa Bekele | D10: 2005 | E10: 2016-OG-M10000, 2017-WC-M10000, 2019-WC-M10000
A11: Men's 10,000 m | B11: 26:11.00 | C11: Joshua Cheptegei | D11: 2020 | E11: 2020-OG-M10000, 2022-WC-M10000, 2023-WC-M10000, 2024-OG-M10000, 2025-WC-M10000
A12: Men's marathon | B12: 2:02:57 | C12: Dennis Kimetto | D12: 2014 | E12: 2016-OG-Mmarathon, 2017-WC-Mmarathon
A13: Men's marathon | B13: 2:01:39 | C13: Eliud Kipchoge | D13: 2018 | E13: 2019-WC-Mmarathon, 2020-OG-Mmarathon, 2022-WC-Mmarathon
A14: Men's marathon | B14: 2:01:09 | C14: Eliud Kipchoge | D14: 2022 | E14: 2023-WC-Mmarathon
A15: Men's marathon | B15: 2:00:35 | C15: Kelvin Kiptum | D15: 2023 | E15: 2024-OG-Mmarathon, 2025-WC-Mmarathon
... A18: Men's 400 m hurdles | B18: 46.70 | C18: Karsten Warholm | D18: 2021 | E18: 2020-OG-M400H
A19: Men's 400 m hurdles | B19: 45.94 | C19: Karsten Warholm | D19: 2021 | E19: 2022-WC-M400H, 2023-WC-M400H, 2024-OG-M400H, 2025-WC-M400H | F19: 2020-OG-M400H
A20: Men's 3000 m steeplechase | B20: 7:53.63 | C20: Saif Saaeed Shaheen | D20: 2004 | E20: 2016-OG-M3000SC, 2017-WC-M3000SC, 2019-WC-M3000SC, 2020-OG-M3000SC, 2022-WC-M3000SC
A21: Men's 3000 m steeplechase | B21: 7:52.11 | C21: Lamecha Girma | D21: 2023 | E21: 2023-WC-M3000SC, 2024-OG-M3000SC, 2025-WC-M3000SC
A22: Men's high jump | B22: 2.45 | C22: Javier Sotomayor | D22: 1993 | E22: 2016-OG-MHJ, 2017-WC-MHJ, 2019-WC-MHJ, 2020-OG-MHJ, 2022-WC-MHJ, 2023-WC-MHJ, 2024-OG-MHJ, 2025-WC-MHJ
A23: Men's pole vault | B23: 6.16 | C23: Renaud Lavillenie | D23: 2014 | E23: 2016-OG-MPV, 2017-WC-MPV, 2019-WC-MPV
A24: Men's pole vault | B24: 6.18 | C24: Armand Duplantis | D24: 2020 | E24: 2020-OG-MPV
A25: Men's pole vault | B25: 6.20 | C25: Armand Duplantis | D25: 2022 | E25: 2022-WC-MPV
A26: Men's pole vault | B26: 6.21 | C26: Armand Duplantis | D26: 2022 | F26: 2022-WC-MPV
A27: Men's pole vault | B27: 6.22 | C27: Armand Duplantis | D27: 2023 | E27: 2023-WC-MPV
A28: Men's pole vault | B28: 6.24 | C28: Armand Duplantis | D28: 2024 | E28: 2024-OG-MPV
A29: Men's pole vault | B29: 6.25 | C29: Armand Duplantis | D29: 2024 | F29: 2024-OG-MPV
A30: Men's pole vault | B30: 6.29 | C30: Armand Duplantis | D30: 2025 | E30: 2025-WC-MPV
A31: Men's pole vault | B31: 6.30 | C31: Armand Duplantis | D31: 2025 | F31: 2025-WC-MPV
A32: Men's long jump | B32: 8.95 | C32: Mike Powell | D32: 1991 | E32: 2016-OG-MLJ, 2017-WC-MLJ, 2019-WC-MLJ, 2020-OG-MLJ, 2022-WC-MLJ, 2023-WC-MLJ, 2024-OG-MLJ, 2025-WC-MLJ
A33: Men's triple jump | B33: 18.29 | C33: Jonathan Edwards | D33: 1995 | E33: 2016-OG-MTJ, 2017-WC-MTJ, 2019-WC-MTJ, 2020-OG-MTJ, 2022-WC-MTJ, 2023-WC-MTJ, 2024-OG-MTJ, 2025-WC-MTJ
A34: Men's shot put | B34: 23.12 | C34: Randy Barnes | D34: 1990 | E34: 2016-OG-MSP, 2017-WC-MSP, 2019-WC-MSP
A35: Men's shot put | B35: 23.37 | C35: Ryan Crouser | D35: 2021 | E35: 2020-OG-MSP, 2022-WC-MSP
A36: Men's shot put | B36: 23.56 | C36: Ryan Crouser | D36: 2023 | E36: 2023-WC-MSP, 2024-OG-MSP, 2025-WC-MSP
A37: Men's discus | B37: 74.08 | C37: Jürgen Schult | D37: 1986 | E37: 2016-OG-MDT, 2017-WC-MDT, 2019-WC-MDT, 2020-OG-MDT, 2022-WC-MDT, 2023-WC-MDT
A38: Men's discus | B38: 74.35 | C38: Mykolas Alekna | D38: 2024 | E38: 2024-OG-MDT
A39: Men's discus | B39: 75.56 | C39: Mykolas Alekna | D39: 2025 | E39: 2025-WC-MDT
A40: Men's hammer | B40: 86.74 | C40: Yuriy Sedykh | D40: 1986 | E40: 2016-OG-MHT, 2017-WC-MHT, 2019-WC-MHT, 2020-OG-MHT, 2022-WC-MHT, 2023-WC-MHT, 2024-OG-MHT, 2025-WC-MHT
A41: Men's javelin | B41: 98.48 | C41: Jan Železný | D41: 1996 | E41: 2016-OG-MJT, 2017-WC-MJT, 2019-WC-MJT, 2020-OG-MJT, 2022-WC-MJT, 2023-WC-MJT, 2024-OG-MJT, 2025-WC-MJT
A42: Women's 100 m | B42: 10.49 | C42: Florence Griffith-Joyner | D42: 1988 | E42: 2016-OG-W100, 2017-WC-W100, 2019-WC-W100, 2020-OG-W100, 2022-WC-W100, 2023-WC-W100, 2024-OG-W100, 2025-WC-W100
A43: Women's 200 m | B43: 21.34 | C43: Florence Griffith-Joyner | D43: 1988 | E43: 2016-OG-W200, 2017-WC-W200, 2019-WC-W200, 2020-OG-W200, 2022-WC-W200, 2023-WC-W200, 2024-OG-W200, 2025-WC-W200
... A55: Women's 10,000 m | B55: 29:31.78 | C55: Wang Junxia | D55: 1993 | E55: 2016-OG-W10000
A56: Women's 10,000 m | B56: 29:17.45 | C56: Almaz Ayana | D56: 2016 | E56: 2017-WC-W10000, 2019-WC-W10000 | F56: 2016-OG-W10000
A57: Women's 10,000 m | B57: 29:01.03 | C57: Letesenbet Gidey | D57: 2021 | E57: 2020-OG-W10000, 2022-WC-W10000, 2023-WC-W10000
A58: Women's 10,000 m | B58: 28:54.14 | C58: Beatrice Chebet | D58: 2024 | E58: 2024-OG-W10000, 2025-WC-W10000
A59: Women's marathon | B59: 2:15:25 | C59: Paula Radcliffe | D59: 2003 | E59: 2016-OG-Wmarathon, 2017-WC-Wmarathon, 2019-WC-Wmarathon
A60: Women's marathon | B60: 2:14:04 | C60: Brigid Kosgei | D60: 2019 | E60: 2020-OG-Wmarathon, 2022-WC-Wmarathon, 2023-WC-Wmarathon
A61: Women's marathon | B61: 2:11:53 | C61: Tigst Assefa | D61: 2023 | E61: 2024-OG-Wmarathon
A62: Women's marathon | B62: 2:09:56 | C62: Ruth Chepngetich | D62: 2024 | E62: 2025-WC-Wmarathon
A63: Women's 100 m hurdles | B63: 12.20 | C63: Kendra Harrison | D63: 2016 | E63: 2016-OG-W100H, 2017-WC-W100H, 2019-WC-W100H, 2020-OG-W100H, 2022-WC-W100H
A64: Women's 100 m hurdles | B64: 12.12 | C64: Tobi Amusan | D64: 2022 | E64: 2023-WC-W100H, 2024-OG-W100H, 2025-WC-W100H
A65: Women's 400 m hurdles | B65: 52.34 | C65: Yuliya Pechonkina | D65: 2003 | E65: 2016-OG-W400H, 2017-WC-W400H
A66: Women's 400 m hurdles | B66: 52.20 | C66: Dalilah Muhammad | D66: 2019 | E66: 2019-WC-W400H
A67: Women's 400 m hurdles | B67: 52.16 | C67: Dalilah Muhammad | D67: 2019 | F67: 2019-WC-W400H
A68: Women's 400 m hurdles | B68: 51.90 | C68: Sydney McLaughlin | D68: 2021 | E68: 2020-OG-W400H
A69: Women's 400 m hurdles | B69: 51.46 | C69: Sydney McLaughlin | D69: 2021 | F69: 2020-OG-W400H
A70: Women's 400 m hurdles | B70: 51.41 | C70: Sydney McLaughlin | D70: 2022 | E70: 2022-WC-W400H
A71: Women's 400 m hurdles | B71: 50.68 | C71: Sydney McLaughlin | D71: 2022 | E71: 2023-WC-W400H | F71: 2022-WC-W400H
A72: Women's 400 m hurdles | B72: 50.65 | C72: Sydney McLaughlin-Levrone | D72: 2024 | E72: 2024-OG-W400H
A73: Women's 400 m hurdles | B73: 50.37 | C73: Sydney McLaughlin-Levrone | D73: 2024 | E73: 2025-WC-W400H | F73: 2024-OG-W400H
A74: Women's 3000 m steeplechase | B74: 8:58.81 | C74: Gulnara Galkina | D74: 2008 | E74: 2016-OG-W3000SC
A75: Women's 3000 m steeplechase | B75: 8:52.78 | C75: Ruth Jebet | D75: 2016 | E75: 2017-WC-W3000SC
A76: Women's 3000 m steeplechase | B76: 8:44.32 | C76: Beatrice Chepkoech | D76: 2018 | E76: 2019-WC-W3000SC, 2020-OG-W3000SC, 2022-WC-W3000SC, 2023-WC-W3000SC, 2024-OG-W3000SC, 2025-WC-W3000SC
A77: Women's high jump | B77: 2.09 | C77: Stefka Kostadinova | D77: 1987 | E77: 2016-OG-WHJ, 2017-WC-WHJ, 2019-WC-WHJ, 2020-OG-WHJ, 2022-WC-WHJ, 2023-WC-WHJ
A78: Women's high jump | B78: 2.10 | C78: Yaroslava Mahuchikh | D78: 2024 | E78: 2024-OG-WHJ, 2025-WC-WHJ
A79: Women's pole vault | B79: 5.06 | C79: Yelena Isinbayeva | D79: 2009 | E79: 2016-OG-WPV, 2017-WC-WPV, 2019-WC-WPV, 2020-OG-WPV, 2022-WC-WPV, 2023-WC-WPV, 2024-OG-WPV, 2025-WC-WPV
A80: Women's long jump | B80: 7.52 | C80: Galina Chistyakova | D80: 1988 | E80: 2016-OG-WLJ, 2017-WC-WLJ, 2019-WC-WLJ, 2020-OG-WLJ, 2022-WC-WLJ, 2023-WC-WLJ, 2024-OG-WLJ, 2025-WC-WLJ
A81: Women's triple jump | B81: 15.50 | C81: Inessa Kravets | D81: 1995 | E81: 2016-OG-WTJ, 2017-WC-WTJ, 2019-WC-WTJ, 2020-OG-WTJ
A82: Women's triple jump | B82: 15.67 | C82: Yulimar Rojas | D82: 2021 | F82: 2020-OG-WTJ
A83: Women's triple jump | B83: 15.74 | C83: Yulimar Rojas | D83: 2022 | E83: 2022-WC-WTJ, 2023-WC-WTJ, 2024-OG-WTJ, 2025-WC-WTJ
A84: Women's shot put | B84: 22.63 | C84: Natalya Lisovskaya | D84: 1987 | E84: 2016-OG-WSP, 2017-WC-WSP, 2019-WC-WSP, 2020-OG-WSP, 2022-WC-WSP, 2023-WC-WSP, 2024-OG-WSP, 2025-WC-WSP
A85: Women's discus | B85: 76.80 | C85: Gabriele Reinsch | D85: 1988 | E85: 2016-OG-WDT, 2017-WC-WDT, 2019-WC-WDT, 2020-OG-WDT, 2022-WC-WDT, 2023-WC-WDT, 2024-OG-WDT, 2025-WC-WDT
A86: Women's hammer | B86: 81.08 | C86: Anita Włodarczyk | D86: 2015 | E86: 2016-OG-WHT
A87: Women's hammer | B87: 82.29 | C87: Anita Włodarczyk | D87: 2016 | F87: 2016-OG-WHT
A88: Women's hammer | B88: 82.98 | C88: Anita Włodarczyk | D88: 2016 | E88: 2017-WC-WHT, 2019-WC-WHT, 2020-OG-WHT, 2022-WC-WHT, 2023-WC-WHT, 2024-OG-WHT, 2025-WC-WHT
A89: Women's javelin | B89: 72.28 | C89: Barbora Špotáková | D89: 2008 | E89: 2016-OG-WJT, 2017-WC-WJT, 2019-WC-WJT, 2020-OG-WJT, 2022-WC-WJT, 2023-WC-WJT, 2024-OG-WJT, 2025-WC-WJT

Sheet Review
A1: Final ID | B1: Issue | C1: Note | D1: Resolved
A2: 2016-OG-M1500 | B2: outlier-last | C2: Ronald Kwemoi 3:56.76 far behind; clue uses Charlie Grice 3:51.73
A3: 2016-OG-M110H | B3: short-field | C3: only 7 finishers with a time
A4: 2016-OG-M400H | B4: short-field | C4: only 7 finishers with a time
A5: 2016-OG-M400H | B5: outlier-last | C5: Haron Koech 49.09 far behind; clue uses Rasmus Mägi 48.40
A6: 2016-OG-W100 | B6: outlier-last | C6: Christania Williams 11.80 far behind; clue uses English Gardner 10.94
A7: 2016-OG-W400 | B7: short-field | C7: only 7 finishers with a time
A8: 2016-OG-W100H | B8: check-mark | C8: a mark was unclear on the source page
A9: 2017-WC-M5000 | B9: outlier-last | C9: Awet Habte 13:58.68 far behind; clue uses Cyrus Rutto 13:48.64
A10: 2017-WC-M400 | B10: short-field | C10: only 7 finishers with a time
A11: 2017-WC-M3000SC | B11: outlier-last | C11: Jacob Araptany 8:49.18 far behind; clue uses Yoann Kowal 8:34.53
A12: 2017-WC-MSP | B12: outlier-last | C12: Andrei Gag 19.96 far behind; clue uses Darrell Hill 20.79
A13: 2017-WC-W200 | B13: outlier-last | C13: Tynia Gaither 23.07 far behind; clue uses Crystal Emmanuel 22.60
... A65: 2025-WC-W1500 | B65: outlier-last | C65: Nele Weßel 4:10.31 far behind; clue uses Sinclaire Johnson 4:00.92
